DataPartB_july2000.csv,2000,BMW,3 Series E36,316i Compact,3,,M5,Manual,1895,Petrol,10.8,5.8,7.6,26.2,48.7,37.2,74,183,95,722,47,,,,572,,,,,
DataPartB_july2000.csv,2000,BMW,3 Series E36,316i Compact,3,,A4,Automatic,1895,Petrol,12,7.1,8.9,23.5,39.8,31.7,72,213,131,1058,63,,,,671,,,,,
DatapartC_july2000.csv,2000,BMW,3 Series E36,318tds Compact,2,,M5,Manual,1665,Diesel,8.6,5,6.4,32.8,56.5,44.1,74,168,,430,,,0.04,,495,,,,,
DatapartC_july2000.csv,2000,BMW,3 Series E36,318ti Compact,2,,M5,Manual,1895,Petrol,11.3,5.9,7.9,25,47.9,35.8,74,187,,693,,,,,594,,,,,
DatapartC_july2000.csv,2000,BMW,3 Series E36,318ti Compact,2,,A4,Automatic,1895,Petrol,12.8,6.5,8.8,22.1,43.5,32.1,71,209,,744,,,,,663,,,,,
DatapartC_july2000.csv,2000,BMW,3 Series E36,M Coupé,2,,M5,Manual,3201,Petrol,16.6,7.9,11.1,17,35.8,25.4,75,268,,535,,,,,838,,,,,
DatapartC_july2000.csv,2000,BMW,3 Series E36,M Roadster,2,,M5,Manual,3201,Petrol,16.6,7.9,11.1,17,35.8,25.4,75,268,,535,,,,,838,,,,,
DataPartB_july2000.csv,2000,BMW,3 Series E36,Z3 Roadster 1.8,3,,M5,Manual,1895,Petrol,10.9,6,7.8,25.9,47.1,36.2,74,187,122,1160,69,,,,588,,,,,
DatapartC_july2000.csv,2000,BMW,3 Series E36,Z3 Roadster 2.0,2,,M5,Manual,1991,Petrol,12.6,7.2,9.2,22.4,39.2,30.7,74,220,,491,,,,,693,,,,,
DatapartC_july2000.csv,2000,BMW,3 Series E36,Z3 Roadster 2.0,2,,A4,Automatic,1991,Petrol,13.9,7.6,9.9,20.3,37.2,28.5,73,237,,379,,,,,747,,,,,
DataPartB_july2000.csv,2000,BMW,3 Series E36,Z3 Roadster 2.8,3,,M5,Manual,2793,Petrol,12.9,7.4,9.4,21.9,38.2,30.1,75,225,134,891,95,,,,707,,,,,
DataPartB_july2000.csv,2000,BMW,3 Series E36,Z3 Roadster 2.8,3,,A4,Automatic,2793,Petrol,14.4,8.1,10.4,19.6,34.9,27.2,74,249,134,652,101,,,,782,,,,,
DataPartB_july2000.csv,2000,BMW,3 Series E36,Z3 Roadster 3.0,3,,M5,Manual,2979,Petrol,13.3,7.3,9.5,21.2,38.7,29.7,74,228,48,269,9,,,,716,,,,,
DataPartB_july2000.csv,2000,BMW,3 Series E36,Z3 Roadster 3.0,3,,A5,Automatic,2979,Petrol,14.3,7.6,10.1,19.8,37.2,28,74,242,58,288,6,,,,760,,,,,
DataPartB_july2000.csv,2000,BMW,3 Series E46,316i Saloon,3,,M5,Manual,1895,Petrol,11.3,5.7,7.8,25,49.6,36.2,73,187,95,722,47,,,,588,,,,,
DataPartB_july2000.csv,2000,BMW,3 Series E46,316i Saloon,3,,A4,Automatic,1895,Petrol,12.3,6.9,8.9,23,40.9,31.7,70,213,139,412,94,,,,671,,,,,
DataPartB_july2000.csv,2000,BMW,3 Series E46,318 Ci Coupé,3,,M5,Manual,1895,Petrol,11,6.1,7.9,25.7,46.3,35.8,72,188,122,1160,69,,,,594,,,,,
DataPartB_july2000.csv,2000,BMW,3 Series E46,318 Ci Coupé,3,,A4,Automatic,1895,Petrol,12.7,6.9,9.1,22.2,40.9,31,70,216,111,814,98,,,,686,,,,,
DataPartB_july2000.csv,2000,BMW,3 Series E46,318i Saloon,3,,M5,Manual,1895,Petrol,11,6.1,7.9,25.7,46.3,35.8,72,188,122,1160,69,,,,594,,,,,
DataPartB_july2000.csv,2000,BMW,3 Series E46,318i Saloon,3,,A4,Automatic,1895,Petrol,12.7,6.9,9.1,22.2,40.9,31,70,216,111,814,98,,,,686,,,,,
DataPartB_july2000.csv,2000,BMW,3 Series E46,318i Touring,3,,M5,Manual,1895,Petrol,11.4,6.2,8.1,24.8,45.6,34.9,72,194,122,1160,69,,,,610,,,,,
DataPartB_july2000.csv,2000,BMW,3 Series E46,318i Touring,3,,A4,Automatic,1895,Petrol,13.3,7,9.3,21.2,40.4,30.4,70,223,111,814,98,,,,700,,,,,
DataPartB_july2000.csv,2000,BMW,3 Series E46,320d Saloon,3,,M5,Manual,1951,Diesel,7.4,4.7,5.7,38.2,60.1,49.6,73,152,,245,411,,0.035,,440,,,,,
DataPartB_july2000.csv,2000,BMW,3 Series E46,320d Touring,3,,M5,Manual,1951,Diesel,7.7,4.8,5.9,36.7,58.9,47.9,73,156,,245,411,,0.035,,456,,,,,
DataPartB_july2000.csv,2000,BMW,3 Series E46,323 Ci Convertible,3,,M5,Manual,2494,Petrol,13.4,7.5,9.7,21.1,37.7,29.1,74,232,153,633,86,,,,731,,,,,
DataPartB_july2000.csv,2000,BMW,3 Series E46,323 Ci Convertible,3,,A5,Automatic,2494,Petrol,15.2,7.9,10.6,18.6,35.8,26.6,73,254,184,611,89,,,,800,,,,,
DataPartB_july2000.csv,2000,BMW,3 Series E46,323 Ci Coupé,3,,M5,Manual,2494,Petrol,12.7,6.9,9,22.2,40.9,31.4,74,215,187,905,78,,,,678,,,,,
DataPartB_july2000.csv,2000,BMW,3 Series E46,323 Ci Coupé,3,,A5,Automatic,2494,Petrol,14.9,7.2,10,19,39.2,28.2,73,239,153,633,86,,,,754,,,,,
DataPartB_july2000.csv,2000,BMW,3 Series E46,323i Saloon,3,,M5,Manual,2494,Petrol,12.7,6.9,9,22.2,40.9,31.4,74,215,187,905,78,,,,678,,,,,
DataPartB_july2000.csv,2000,BMW,3 Series E46,323i Saloon,3,,A5,Automatic,2494,Petrol,14.9,7.2,10,19,39.2,28.2,73,239,153,633,86,,,,754,,,,,
DataPartB_july2000.csv,2000,BMW,3 Series E46,328 Ci Coupé,3,,M5,Manual,2793,Petrol,12.5,7,9.1,22.6,40.4,31,71,216,134,891,95,,,,686,,,,,
DataPartB_july2000.csv,2000,BMW,3 Series E46,328 Ci Coupé,3,,A5,Automatic,2793,Petrol,15.3,7.1,10.1,18.5,39.8,28,70,241,169,981,118,,,,760,,,,,
DataPartB_july2000.csv,2000,BMW,3 Series E46,328i Saloon,3,,M5,Manual,2793,Petrol,12.5,7,9.1,22.6,40.4,31,71,216,134,891,95,,,,686,,,,,
DataPartB_july2000.csv,2000,BMW,3 Series E46,328i Saloon,3,,A5,Automatic,2793,Petrol,15.3,7.1,10.1,18.5,39.8,28,70,241,169,981,118,,,,760,,,,,
DataPartB_july2000.csv,2000,BMW,3 Series E46,328i Touring,3,,M5,Manual,2793,Petrol,13.1,7.1,9.3,21.6,39.8,30.4,71,223,134,891,95,,,,700,,,,,
DataPartB_july2000.csv,2000,BMW,3 Series E46,328i Touring,3,,A5,Automatic,2793,Petrol,15.3,7.4,10.3,18.5,38.2,27.4,70,247,169,981,118,,,,776,,,,,
DataPartB_july2000.csv,2000,BMW,3 Series E46,330 Ci Convertible,3,,M5,Manual,2979,Petrol,13.9,7.6,9.9,20.3,37.2,28.5,75,237,48,269,9,,,,747,,,,,
DataPartB_july2000.csv,2000,BMW,3 Series E46,330 Ci Convertible,3,,A5,Automatic,2979,Petrol,15.5,7.8,10.6,18.2,36.2,26.6,74,254,62,447,13,,,,800,,,,,
DataPartB_july2000.csv,2000,BMW,3 Series E46,330 Ci Coupé,3,,M5,Manual,2979,Petrol,12.8,6.9,9.1,22.1,40.9,31,75,218,48,269,9,,,,686,,,,,
DataPartB_july2000.csv,2000,BMW,3 Series E46,330 Ci Coupé,3,,A5,Automatic,2979,Petrol,14.5,7.3,9.9,19.5,38.7,28.5,74,238,62,447,13,,,,747,,,,,
DataPartB_july2000.csv,2000,BMW,3 Series E46,330d Saloon,3,,M5,Manual,2926,Diesel,9.3,5.4,6.8,30.4,52.3,41.5,73,181,,323,437,,0.033,,526,,,,,
DataPartB_july2000.csv,2000,BMW,3 Series E46,330d Saloon,3,,A5,Automatic,2926,Diesel,11.2,6.2,8,25.2,45.6,35.3,73,213,,114,464,,0.03,,618,,,,,
DataPartB_july2000.csv,2000,BMW,3 Series E46,330d Touring,3,,M5,Manual,2926,Diesel,9.5,5.6,7,29.7,50.4,40.4,73,186,,323,437,,0.033,,540,,,,,
DataPartB_july2000.csv,2000,BMW,3 Series E46,330d Touring,3,,A5,Automatic,2926,Diesel,11.3,6.3,8.1,25,44.8,34.9,73,216,,114,464,,0.03,,625,,,,,
DataPartB_july2000.csv,2000,BMW,3 Series E46,330i Saloon,3,,M5,Manual,2979,Petrol,12.8,6.9,9.1,22.1,40.9,31,75,218,48,269,9,,,,686,,,,,
DataPartB_july2000.csv,2000,BMW,3 Series E46,330i Saloon,3,,A5,Automatic,2979,Petrol,14.5,7.3,9.9,19.5,38.7,28.5,74,238,62,447,13,,,,747,,,,,
DataPartB_july2000.csv,2000,BMW,3 Series E46,330i Touring,3,,M5,Manual,2979,Petrol,13.1,7.2,9.4,21.6,39.2,30.1,75,225,48,269,9,,,,707,,,,,
DataPartB_july2000.csv,2000,BMW,3 Series E46,330i Touring,3,,A5,Automatic,2979,Petrol,14.8,7.5,10.2,19.1,37.7,27.7,74,244,62,447,13,,,,768,,,,,
DatapartC_july2000.csv,2000,BMW,5 Series E39,520i Saloon,2,,M5,Manual,1991,Petrol,12.6,6.9,9,22.4,40.9,31.4,74,215,,313,,,,,678,,,,,
DatapartC_july2000.csv,2000,BMW,5 Series E39,520i Saloon,2,,A5,Automatic,1991,Petrol,14.5,7.4,9.9,19.5,38.2,28.5,73,237,,215,,,,,747,,,,,
DatapartC_july2000.csv,2000,BMW,5 Series E39,520i Touring,2,,M5,Manual,1991,Petrol,13.7,7.2,9.6,20.6,39.2,29.4,74,229,,313,,,,,724,,,,,
DatapartC_july2000.csv,2000,BMW,5 Series E39,520i Touring,2,,A5,Automatic,1991,Petrol,15.3,7.8,10.5,18.5,36.2,26.9,73,250,,215,,,,,791,,,,,
DataPartB_july2000.csv,2000,BMW,5 Series E39,523i Saloon,3,,M5,Manual,2494,Petrol,13.1,7.2,9.4,21.6,39.2,30.1,74,225,187,905,78,,,,707,,,,,
DataPartB_july2000.csv,2000,BMW,5 Series E39,523i Saloon,3,,A5,Automatic,2494,Petrol,15,7.5,10.3,18.8,37.7,27.4,72,245,153,633,86,,,,776,,,,,
DataPartB_july2000.csv,2000,BMW,5 Series E39,523i Touring,3,,M5,Manual,2494,Petrol,13.4,7.7,9.8,21.1,36.7,28.8,74,235,187,905,78,,,,739,,,,,
DataPartB_july2000.csv,2000,BMW,5 Series E39,523i Touring,3,,A5,Automatic,2494,Petrol,15.6,7.9,10.7,18.1,35.8,26.4,72,256,153,633,86,,,,806,,,,,
DataPartB_july2000.csv,2000,BMW,5 Series E39,528i Saloon,3,,M5,Manual,2793,Petrol,13.6,7.2,9.5,20.8,39.2,29.7,74,228,134,891,95,,,,716,,,,,
DataPartB_july2000.csv,2000,BMW,5 Series E39,528i Saloon,3,,A5,Automatic,2793,Petrol,15.6,7.6,10.5,18.1,37.2,26.9,72,252,169,981,118,,,,791,,,,,
DataPartB_july2000.csv,2000,BMW,5 Series E39,528i Touring,3,,M5,Manual,2793,Petrol,13.8,7.5,9.8,20.5,37.7,28.8,74,235,134,891,95,,,,739,,,,,
DataPartB_july2000.csv,2000,BMW,5 Series E39,528i Touring,3,,A5,Automatic,2793,Petrol,15.5,8,10.7,18.2,35.3,26.4,72,257,169,981,118,,,,806,,,,,
DataPartB_july2000.csv,2000,BMW,5 Series E39,530d Saloon,3,,M5,Manual,2926,Diesel,9.7,5.6,7.1,29.1,50.4,39.8,74,189,,75,436,,0.036,,548,,,,,
DataPartB_july2000.csv,2000,BMW,5 Series E39,530d Saloon,3,,A5,Automatic,2926,Diesel,11.7,6.4,8.3,24.1,44.1,34,71,221,,263,414,,0.033,,642,,,,,
DataPartB_july2000.csv,2000,BMW,5 Series E39,530d Touring,3,,M5,Manual,2926,Diesel,9.8,5.8,7.3,28.8,48.7,38.7,74,194,,75,436,,0.036,,564,,,,,
DataPartB_july2000.csv,2000,BMW,5 Series E39,530d Touring,3,,A5,Automatic,2926,Diesel,11.9,6.6,8.5,23.7,42.8,33.2,71,227,,263,414,,0.033,,657,,,,,
DataPartB_july2000.csv,2000,BMW,5 Series E39,535i Saloon,3,,M5,Manual,3498,Petrol,16.9,8.5,11.6,16.7,33.2,24.4,74,279,125,486,52,,,,872,,,,,
DataPartB_july2000.csv,2000,BMW,5 Series E39,535i Saloon,3,,A5,Automatic,3498,Petrol,16.7,8.8,11.7,16.9,32.1,24.1,71,282,135,374,89,,,,883,,,,,
DataPartB_july2000.csv,2000,BMW,5 Series E39,540i Saloon,3,,M6,Manual,4398,Petrol,17.7,8.9,12.1,16,31.7,23.3,73,292,73,657,58,,,,913,,,,,
DataPartB_july2000.csv,2000,BMW,5 Series E39,540i Saloon,3,,A5,Automatic,4398,Petrol,17.2,9.2,12.1,16.4,30.7,23.3,73,292,108,450,84,,,,913,,,,,
DataPartB_july2000.csv,2000,BMW,5 Series E39,540i Touring,3,,M6,Manual,4398,Petrol,18,9.1,12.4,15.7,31,22.8,73,299,73,657,58,,,,933,,,,,
DataPartB_july2000.csv,2000,BMW,5 Series E39,540i Touring,3,,A5,Automatic,4398,Petrol,17.6,9.7,12.6,16.1,29.1,22.4,73,304,108,450,84,,,,950,,,,,
DataPartB_july2000.csv,2000,BMW,5 Series E39,M5 Saloon,3,,M6,Manual,4941,Petrol,21.1,9.8,13.9,13.4,28.8,20.3,75,336,108,1248,104,,,,1048,,,,,
DataPartB_july2000.csv,2000,BMW,7 Series E38,728i Saloon,3,,A5,Automatic,2793,Petrol,16.5,8,11.1,17.1,35.3,25.4,73,267,169,981,118,,,,838,,,,,
DataPartB_july2000.csv,2000,BMW,7 Series E38,735i Saloon,3,,A5,Automatic,3498,Petrol,17.2,9.1,12.1,16.4,31,23.3,73,291,135,374,89,,,,913,,,,,
DataPartB_july2000.csv,2000,BMW,7 Series E38,740iL Saloon,3,,A5,Automatic,4398,Petrol,18.6,9.4,12.8,15.2,30.1,22.1,72,306,108,450,84,,,,963,,,,,
DataPartB_july2000.csv,2000,BMW,7 Series E38,740i Saloon,3,,A5,Automatic,4398,Petrol,18.1,9.2,12.5,15.6,30.7,22.6,72,301,108,450,84,,,,941,,,,,
DataPartB_july2000.csv,2000,BMW,7 Series E38,750iL Saloon,3,,A5,Automatic,5379,Petrol,19.7,10.4,13.8,14.3,27.2,20.5,72,332,95,1549,55,,,,1038,,,,,
DataPartB_july2000.csv,2000,BMW,7 Series E38,750i Saloon,3,,A5,Automatic,5379,Petrol,19.6,10.1,13.6,14.4,28,20.8,72,327,95,1549,55,,,,1023,,,,,
DataPartB_july2000.csv,2000,BMW,X5 Series E53,X5 4.4i,3,,A5,Automatic,4398,Petrol,18.8,11.1,13.9,15,25.4,20.3,75,335,127,806,88,,,,1048,,,,,
DataPartB_july2000.csv,2000,BMW,Z8 Series E52,Z8,3,,M6,Manual,4941,Petrol,21.1,10.6,14.5,13.4,26.6,19.5,75,349,108,1249,104,,,,1091,,,,,
DatapartC_july2000.csv,2000,Cadillac,Seville STS Model Year 2000,4.6I V8,2,,A4,Automatic,4565,Petrol,20.6,10.4,14.2,13.7,27.1,19.8,72,330,,832,,,,,1075,,,,,
DatapartC_july2000.csv,2000,Chevrolet,Blazer Model Year 2000,4.3I V6 LS,2,,M5,Manual,4300,Petrol,19.9,11.2,14.3,14.1,25.2,19.7,74,334,,972,,,,,1080,,,,,
DatapartC_july2000.csv,2000,Chevrolet,Blazer Model Year 2000,4.3I V6 LS,2,,A4,Automatic,4300,Petrol,19.1,10.5,13.7,14.7,26.8,20.6,74,319,,1045,,,,,1033,,,,,
DatapartC_july2000.csv,2000,Chevrolet,Blazer Model Year 2000,4.3l V6 LT,2,,A4,Automatic,4300,Petrol,19.5,12.2,14.8,14.4,23.1,19,74,345,,1187,,,,,1120,,,,,
DatapartC_july2000.csv,2000,Chevrolet,Camaro STS Model Year 2000,3.8I V6 A pack Coupé/ Convertible,2,,A4,Automatic,3800,Petrol,16.5,8.8,11.7,17.1,32,24.1,74,275,,1423,,,,,883,,,,,
DatapartC_july2000.csv,2000,Chevrolet,Camaro STS Model Year 2000,3.8I V6 B pack Coupé/ Convertible,2,,A4,Automatic,3800,Petrol,17.2,9.6,12.4,16.4,29.4,22.7,74,294,,540,,,,,937,,,,,
DatapartC_july2000.csv,2000,Chevrolet,Camaro STS Model Year 2000,5.7 V8 C pack,2,,A4,Automatic,5700,Petrol,19.8,9.8,13.5,14.2,28.8,20.9,75,320,,578,,,,,1018,,,,,
DatapartC_july2000.csv,2000,Chevrolet,Camaro STS Model Year 2000,5.7 V8 D pack,2,,A4,Automatic,5700,Petrol,17.1,9.6,12.4,16.5,29.4,22.7,72,294,,620,,,,,937,,,,,
DatapartC_july2000.csv,2000,Chevrolet,Corvette Model Year 2000,5.7I V8 A pack Coupé/ Convertible,2,,M6,Manual,5666,Petrol,19.3,8.9,12.8,14.6,31.7,22,75,299,,1002.9999999999999,,,,,967,,,,,
DatapartC_july2000.csv,2000,Chevrolet,Corvette Model Year 2000,5.7I V8 B pack Coupé/ Convertible,2,,M6,Manual,5666,Petrol,19.8,9.2,13.1,14.2,30.6,21.5,74,306,,545,,,,,990,,,,,
DataPartB_july2000.csv,2000,Chrysler Jeep,Chrysler Neon (00 Model Year),2.0L SOHC,3,,A3,Automatic,1996,Petrol,11.6,6.9,8.6,24.4,40.9,32.8,71,202,120,1090,78,,,,649,,,,,
DataPartB_july2000.csv,2000,Chrysler Jeep,Chrysler Neon (00 Model Year),2.0L SOHC,3,,M5,Manual,1996,Petrol,10.7,6.3,7.9,26.4,44.8,35.8,71,185,126,933,58,,,,594,,,,,
DataPartB_july2000.csv,2000,Chrysler Jeep,Chrysler PT Cruiser (01 Model Year),2.0L DOHC,3,,M5,Manual,1996,Petrol,11.5,7,8.7,24.6,40.4,32.5,73,205,78,1097,24,,,,655,,,,,
DataPartB_july2000.csv,2000,Chrysler Jeep,Chrysler PT Cruiser (01 Model Year),2.0L DOHC,3,,A4,Automatic,1996,Petrol,13.1,7.9,9.8,21.6,35.8,28.8,72,232,95,1050,35,,,,739,,,,,
DatapartC_july2000.csv,2000,Chrysler Jeep,Chrysler Viper (99 Model Year),8.0L V10 GTS Coupé &amp; RT/10 Roadster,2,,M6,Manual,7990,Petrol,33.1,12.7,20.2,8.5,22.2,14,74.6,483,,960,,,,,1520,,,,,
DatapartC_july2000.csv,2000,Chrysler Jeep,Chrysler Voyager (00 Model Year),2.0L Short Wheel Base,2,,M5,Manual,1995,Petrol,13.2,7.7,9.7,21.4,36.7,29.1,74,229,,800,,,,,731,,,,,
DatapartC_july2000.csv,2000,Chrysler Jeep,Chrysler Voyager (00 Model Year),2.5Td Long Wheel Base,2,,M5,Manual,2499,Diesel,11.2,7.2,8.6,25.2,39.2,32.8,74,228,,540,,,0.07,,665,,,,,
DatapartC_july2000.csv,2000,Chrysler Jeep,Chrysler Voyager (00 Model Year),2.5Td Short Wheel Base,2,,M5,Manual,2499,Diesel,11.2,7.2,8.6,25.2,39.2,32.8,74,228,,540,,,0.07,,665,,,,,
DatapartC_july2000.csv,2000,Chrysler Jeep,Chrysler Voyager (00 Model Year),3.3L Long Wheel Base,2,,A4,Automatic,3301,Petrol,17.1,9.4,12.3,16.5,30.1,23,71,287,,670,,,,,925,,,,,
DatapartC_july2000.csv,2000,Chrysler Jeep,Chrysler Voyager (00 Model Year),3.3L Short Wheel Base,2,,A4,Automatic,3301,Petrol,17.1,9.4,12.3,16.5,30.1,23,71,287,,670,,,,,925,,,,,
DatapartC_july2000.csv,2000,Chrysler Jeep,Jeep Cherokee (00 Model Year),2.5L,2,,M5,Manual,2464,Petrol,15.7,9.4,11.7,18,30.1,24.1,75,279,,1310,,,,,883,,,,,
DatapartC_july2000.csv,2000,Chrysler Jeep,Jeep Cherokee (00 Model Year),2.5L Turbo Diesel,2,,M5,Manual,2499,Diesel,11.7,7.3,9,24.1,38.7,31.4,75,255,,550,,,0.063,,695,,,,,
DataPartB_july2000.csv,2000,Chrysler Jeep,Jeep Cherokee (00 Model Year),4.0L,3,,A4,Automatic,3960,Petrol,20.3,11,14.4,13.9,25.7,19.6,74,341,130,1180,90,,,,1085,,,,,
DataPartB_july2000.csv,2000,Chrysler Jeep,Jeep Grand Cherokee (00 Model Year),3.1Td,3,,A4,Automatic,3124,Diesel,14.9,9.7,11.7,19,29.1,24.1,75,308,10,42,1012.9999999999999,,0.077,,905,,,,,
DataPartB_july2000.csv,2000,Chrysler Jeep,Jeep Grand Cherokee (00 Model Year),4.0L,3,,A4,Automatic,3956,Petrol,21.3,12,15.4,13.3,23.5,18.3,71,366,156,1653,114,,,,1163,,,,,
DataPartB_july2000.csv,2000,Chrysler Jeep,Jeep Grand Cherokee (00 Model Year),4.7L,3,,A4,Automatic,4701,Petrol,22.3,13,16.4,12.7,21.7,17.2,73,390,135,1569,24,,,,1237,,,,,
DatapartC_july2000.csv,2000,Chrysler Jeep,Jeep Wrangler (00 Model Year),2.5L,2,,M5,Manual,2464,Petrol,15.6,9.5,11.7,18.1,29.7,24.1,74,273,,1034,,,,,883,,,,,
DataPartB_july2000.csv,2000,Chrysler Jeep,Jeep Wrangler (00 Model Year),4.0L,3,,M5,Manual,3960,Petrol,18.8,9.8,13.1,15,28.8,21.6,74,311,110,1090,70,,,,985,,,,,
DataPartB_july2000.csv,2000,Chrysler Jeep,Jeep Wrangler (00 Model Year),4.0L,3,,A3,Automatic,3960,Petrol,19,10.6,13.7,14.9,26.6,20.6,72,325,120,1010,110,,,,1033,,,,,
DatapartC_july2000.csv,2000,Citroen,Berlingo,Berlingo Multispace 1.4i,2,,M5,Manual,1360,Petrol,9.5,5.9,7.2,29.7,47.9,39.2,74,178,,707,,,,,543,,,,,
DatapartC_july2000.csv,2000,Citroen,Berlingo,Berlingo Multispace 1.8i,2,,M5,Manual,1761,Petrol,11.9,7.1,8.9,23.7,39.8,31.7,71.4,210,,1010,,,,,671,,,,,
DatapartC_july2000.csv,2000,Citroen,Berlingo,Berlingo Multispace 1.9D,2,,M5,Manual,1868,Diesel,8.6,5.4,6.6,32.8,52.3,42.8,73.4,178,,179,,,0.029,,510,,,,,
DatapartC_july2000.csv,2000,Citroen,Saxo,Saxo 1.0i,2,,M5,Manual,954,Petrol,8.3,5.1,6.2,34,55.4,45.6,72.4,149,,696,,,,,467,,,,,
DatapartC_july2000.csv,2000,Citroen,Saxo,Saxo 1.1i,2,,M5,Manual,1124,Petrol,8.6,5.3,6.5,32.8,53.3,43.5,73.1,155,,391,,,,,489,,,,,
DatapartC_july2000.csv,2000,Citroen,Saxo,Saxo 1.4i,2,,M5,Manual,1360,Petrol,8.8,5.2,6.5,32.1,54.3,43.5,73.4,160,,1018.9999999999999,,,,,489,,,,,
DatapartC_july2000.csv,2000,Citroen,Saxo,Saxo 1.4i,2,,A3,Automatic,1360,Petrol,10.5,6.4,7.9,26.9,44.1,35.8,71.3,195,,1026,,,,,594,,,,,
DatapartC_july2000.csv,2000,Citroen,Saxo,Saxo 1.5D,2,,M5,Manual,1527,Diesel,6.9,4.3,5.3,40.9,65.7,53.3,73.5,139,,397,,,0.048,,409,,,,,
DatapartC_july2000.csv,2000,Citroen,Saxo,Saxo 1.6i VTR,2,,M5,Manual,1587,Petrol,9.9,5.8,7.3,28.5,48.7,38.7,72.3,178,,590,,,,,550,,,,,
DatapartC_july2000.csv,2000,Citroen,Saxo,Saxo 1.6i VTS 16v,2,,M5,Manual,1587,Petrol,11.4,6.3,8.1,24.8,44.8,34.9,73.4,194,,1224,,,,,610,,,,,
DatapartC_july2000.csv,2000,Citroen,Synergie,Synergie 2.0 HDi 110 hp,2,,M5,Manual,1997,Diesel,8.4,5.6,6.7,33.6,50.4,42.2,72.2,182,,174,,,0.059,,517,,,,,
DatapartC_july2000.csv,2000,Citroen,Synergie,Synergie 2.0i,2,,M5,Manual,1998,Petrol,13.8,8.1,10.2,20.5,34.9,27.7,73.6,252,,833,,,,,768,,,,,
DataPartB_july2000.csv,2000,Citroen,Synergie,Synergie 2.0i 16v,3,,M5,Manual,1997,Petrol,12.3,7.4,9.2,23,38.2,30.7,72.3,221,42,396,98,,,,693,,,,,
DataPartB_july2000.csv,2000,Citroen,Synergie,Synergie 2.0i 16v,3,,A4,Automatic,1997,Petrol,13.6,7.6,9.7,20.9,37.2,29.1,73.6,232,79,497,35,,,,731,,,,,
DatapartC_july2000.csv,2000,Citroen,Synergie,Synergie Turbo D,2,,M5,Manual,1905,Diesel,10.6,6.7,8.1,26.6,42.2,34.9,73.3,215,,567,,,0.057,,625,,,,,
DatapartC_july2000.csv,2000,Citroen,Xantia,Xantia 1.8i 16v,2,,M5,Manual,1761,Petrol,12.2,6.7,8.7,23.2,42.2,32.5,73.7,209,,512,,,,,655,,,,,
DatapartC_july2000.csv,2000,Citroen,Xantia,Xantia 1.8i 16v,2,,A4,Automatic,1761,Petrol,12.9,6.6,8.9,21.9,42.8,31.7,73,217,,625,,,,,671,,,,,
DatapartC_july2000.csv,2000,Citroen,Xantia,Xantia 1.8i 16v Estate,2,,M5,Manual,1761,Petrol,12.4,7,9,22.8,40.4,31.4,73.7,214,,512,,,,,678,,,,,
DatapartC_july2000.csv,2000,Citroen,Xantia,Xantia 1.9 Turbo D,2,,A4,Automatic,1905,Diesel,11.5,6,8,24.6,47.1,35.3,74,223,,133,,,0.066,,618,,,,,
DatapartC_july2000.csv,2000,Citroen,Xantia,Xantia 1.9 Turbo D Estate,2,,A4,Automatic,1905,Diesel,11.6,6.1,8.1,24.4,46.3,34.9,74,225,,133,,,0.066,,625,,,,,
DatapartC_july2000.csv,2000,Citroen,Xantia,Xantia 2.0 HDi 110 hp,2,,M5,Manual,1997,Diesel,7.3,4.5,5.5,38.7,62.8,51.4,72.3,150,,629,,,0.036,,425,,,,,
DatapartC_july2000.csv,2000,Citroen,Xantia,Xantia 2.0 HDi 110 hp Estate,2,,M5,Manual,1997,Diesel,7.5,4.7,5.7,37.7,60.1,49.6,72.3,156,,629,,,0.036,,440,,,,,
DatapartC_july2000.csv,2000,Citroen,Xantia,Xantia 2.0 HDi 90 hp,2,,M5,Manual,1997,Diesel,7.4,4.7,5.6,38.2,60.1,50.4,70.9,154,,389,,,0.071,,433,,,,,
DatapartC_july2000.csv,2000,Citroen,Xantia,Xantia 2.0 HDi 90 hp Estate,2,,M5,Manual,1997,Diesel,7.6,4.8,5.8,37.2,58.9,48.7,70.9,160,,389,,,0.071,,448,,,,,
DatapartC_july2000.csv,2000,Citroen,Xantia,Xantia 2.0i 16v,2,,M5,Manual,1998,Petrol,12.9,6.9,9.1,21.9,40.9,31,73.7,219,,455,,,,,686,,,,,
DatapartC_july2000.csv,2000,Citroen,Xantia,Xantia 2.0i 16v,2,,A4,Automatic,1998,Petrol,13.9,7,9.5,20.3,40.4,29.7,73.2,232,,418,,,,,716,,,,,
DatapartC_july2000.csv,2000,Citroen,Xantia,Xantia 2.0i 16v Estate,2,,M5,Manual,1998,Petrol,13.2,7.2,9.4,21.4,39.2,30.1,73.7,223,,455,,,,,707,,,,,
DatapartC_july2000.csv,2000,Citroen,Xantia,Xantia 2.0i 16v Estate,2,,A4,Automatic,1998,Petrol,14,7.1,9.6,20.2,39.8,29.4,73.2,234,,418,,,,,724,,,,,
DatapartC_july2000.csv,2000,Citroen,Xantia,Xantia Activa,2,,M5,Manual,1998,Petrol,13.9,7.6,9.9,20.3,37.2,28.5,73.7,237,,1045,,,,,747,,,,,
DatapartC_july2000.csv,2000,Citroen,Xantia,Xantia Turbo CT Estate,2,,M5,Manual,1998,Petrol,14.2,7.7,10.1,19.9,36.7,28,73.7,241,,1045,,,,,760,,,,,
DatapartC_july2000.csv,2000,Citroen,Xantia,Xantia V6 24v,2,,A4,Automatic,2946,Petrol,17.2,8.4,11.6,16.4,33.6,24.4,71.1,281,,874,,,,,872,,,,,
DatapartC_july2000.csv,2000,Citroen,XM,XM 2.0i 16v,2,,M5,Manual,1998,Petrol,13.5,7.4,9.6,20.9,38.2,29.4,73.5,225,,1397,,,,,724,,,,,
DatapartC_july2000.csv,2000,Citroen,XM,XM 2.0i 16v,2,,A4,Automatic,1998,Petrol,15.7,7.5,10.5,18,37.7,26.9,70,255,,916,,,,,791,,,,,
DatapartC_july2000.csv,2000,Citroen,XM,XM 2.0i 16v Estate,2,,M5,Manual,1998,Petrol,13.5,7.4,9.6,20.9,38.2,29.4,73.5,225,,1397,,,,,724,,,,,
DatapartC_july2000.csv,2000,Citroen,XM,XM 2.0i 16v Estate,2,,A4,Automatic,1998,Petrol,15.7,7.5,10.5,18,37.7,26.9,70,255,,916,,,,,791,,,,,
DatapartC_july2000.csv,2000,Citroen,XM,XM 2.0i Turbo,2,,M5,Manual,1998,Petrol,14.5,8,10.4,19.5,35.3,27.2,73,246,,1284,,,,,782,,,,,
DatapartC_july2000.csv,2000,Citroen,XM,XM 2.0i Turbo,2,,A4,Automatic,1998,Petrol,16.4,8,11.1,17.2,35.3,25.4,71.3,258,,1584,,,,,838,,,,,
DatapartC_july2000.csv,2000,Citroen,XM,XM 2.0i Turbo Estate,2,,M5,Manual,1998,Petrol,14.5,8,10.4,19.5,35.3,27.2,73,246,,1284,,,,,782,,,,,
DatapartC_july2000.csv,2000,Citroen,XM,XM 2.0i Turbo Estate,2,,A4,Automatic,1998,Petrol,16.4,8,11.1,17.2,35.3,25.4,71.3,258,,1584,,,,,838,,,,,
DatapartC_july2000.csv,2000,Citroen,XM,XM 2.1 Turbo D,2,,M5,Manual,2088,Diesel,9.6,5.6,7.1,29.4,50.4,39.8,74,185,,370,,,0.067,,548,,,,,
DatapartC_july2000.csv,2000,Citroen,XM,XM 2.1 Turbo D,2,,A4,Automatic,2088,Diesel,12.1,6.5,8.5,23.3,43.5,33.2,69.7,235,,121,,,0.047,,657,,,,,
DatapartC_july2000.csv,2000,Citroen,XM,XM 2.1 Turbo D Estate,2,,M5,Manual,2088,Diesel,9.6,5.6,7.1,29.4,50.4,39.8,74,185,,370,,,0.067,,548,,,,,
DatapartC_july2000.csv,2000,Citroen,XM,XM 2.1 Turbo D Estate,2,,A4,Automatic,2088,Diesel,12.3,6.6,8.7,23,42.8,32.5,69.7,240,,121,,,0.047,,671,,,,,
DatapartC_july2000.csv,2000,Citroen,XM,XM 2.5 Turbo D,2,,M5,Manual,2446,Diesel,10.9,5.9,7.7,25.9,47.9,36.7,73.7,204,,457,,,0.064,,595,,,,,
DatapartC_july2000.csv,2000,Citroen,XM,XM 2.5 Turbo D Estate,2,,M5,Manual,2446,Diesel,10.9,5.9,7.7,25.9,47.9,36.7,73.7,204,,457,,,0.064,,595,,,,,
DatapartC_july2000.csv,2000,Citroen,XM,XM V6 24v,2,,M5,Manual,2946,Petrol,15.9,8,10.9,17.8,35.3,25.9,74,260,,499,,,,,821,,,,,
DatapartC_july2000.csv,2000,Citroen,XM,XM V6 24v,2,,A4,Automatic,2946,Petrol,18,8.4,11.9,15.7,33.6,23.7,73.9,284,,653,,,,,898,,,,,
DatapartC_july2000.csv,2000,Citroen,Xsara,Xsara 1.4i,2,,M5,Manual,1360,Petrol,9.1,5.6,6.9,31,50.4,40.9,71.5,170,,684,,,,,520,,,,,
DatapartC_july2000.csv,2000,Citroen,Xsara,Xsara 1.4i Estate,2,,M5,Manual,1360,Petrol,9.1,5.6,6.9,31,50.4,40.9,71.5,170,,684,,,,,520,,,,,
DatapartC_july2000.csv,2000,Citroen,Xsara,Xsara 1.6i,2,,M5,Manual,1587,Petrol,9.9,5.8,7.3,28.5,48.7,38.7,73.9,177,,706,,,,,550,,,,,
DatapartC_july2000.csv,2000,Citroen,Xsara,Xsara 1.6i,2,,A4,Automatic,1587,Petrol,10.8,6,7.8,26.2,47.1,36.2,73.8,185,,1703,,,,,588,,,,,
DatapartC_july2000.csv,2000,Citroen,Xsara,Xsara 1.6i Estate,2,,M5,Manual,1587,Petrol,9.9,5.8,7.3,28.5,48.7,38.7,73.9,177,,706,,,,,550,,,,,
DatapartC_july2000.csv,2000,Citroen,Xsara,Xsara 1.6i Estate,2,,A4,Automatic,1587,Petrol,10.8,6,7.8,26.2,47.1,36.2,73.8,185,,1703,,,,,588,,,,,
DatapartC_july2000.csv,2000,Citroen,Xsara,Xsara 1.6i VTR,2,,M5,Manual,1587,Petrol,9.9,5.8,7.3,28.5,48.7,38.7,73.9,177,,706,,,,,550,,,,,
DatapartC_july2000.csv,2000,Citroen,Xsara,Xsara 1.8i 16v,2,,M5,Manual,1761,Petrol,12,6.3,8.3,23.5,44.8,34,71.1,198,,482,,,,,626,,,,,
DatapartC_july2000.csv,2000,Citroen,Xsara,Xsara 1.8i 16v Estate,2,,M5,Manual,1761,Petrol,12.1,6.4,8.4,23.3,44.1,33.6,71.1,198,,482,,,,,633,,,,,
DatapartC_july2000.csv,2000,Citroen,Xsara,Xsara 1.8i 16v VTR,2,,M5,Manual,1761,Petrol,12.1,6.5,8.5,23.3,43.5,33.2,71.1,198,,482,,,,,641,,,,,
DatapartC_july2000.csv,2000,Citroen,Xsara,Xsara 1.9D,2,,M5,Manual,1868,Diesel,8.3,5,6.2,34,56.5,45.6,73.2,164,,251,,,0.044,,479,,,,,
DatapartC_july2000.csv,2000,Citroen,Xsara,Xsara 1.9D Estate,2,,M5,Manual,1868,Diesel,8.3,5,6.2,34,56.5,45.6,73.2,164,,251,,,0.044,,479,,,,,
DatapartC_july2000.csv,2000,Citroen,Xsara,Xsara 2.0 HDi 90 hp,2,,M5,Manual,1997,Diesel,6.9,4.3,5.2,40.9,65.7,54.3,71.3,141,,584,,,0.053,,402,,,,,
DatapartC_july2000.csv,2000,Citroen,Xsara,Xsara 2.0 HDi 90 hp Estate,2,,M5,Manual,1997,Diesel,6.9,4.3,5.2,40.9,65.7,54.3,71.3,141,,584,,,0.053,,402,,,,,
DatapartC_july2000.csv,2000,Citroen,Xsara,Xsara 2.0i 16v VTS,2,,M5,Manual,1998,Petrol,13.6,7.1,9.4,20.8,39.8,30.1,73.7,224,,708,,,,,707,,,,,
DataPartB_july2000.csv,2000,Citroen,Xsara Picasso,Picasso 1.6i (VIN Code CHNFVB),3,,M5,Manual,1587,Petrol,10,6.1,7.5,28.2,46.3,37.7,74,178,121,935,25,,,,564,,,,,
DatapartC_july2000.csv,2000,Citroen,Xsara Picasso,Picasso 1.6i (VIN Code CHNFZA),2,,M5,Manual,1587,Petrol,10.2,6.2,7.7,27.7,45.6,36.7,73,187,,1117,,,,,580,,,,,
DatapartC_july2000.csv,2000,Citroen,Xsara Picasso,Picasso 1.8i 16v,2,,M5,Manual,1749,Petrol,10.8,5.9,7.7,26.2,47.9,36.7,74,187,,173,,,,,580,,,,,
DatapartC_july2000.csv,2000,Citroen,Xsara Picasso,Picasso 2.0 HDi ( VIN Code CHRHYA),2,,M5,Manual,1997,Diesel,7,4.6,5.5,40.4,61.4,51.4,72,147,,339,,,0.032,,425,,,,,
DataPartB_july2000.csv,2000,Citroen,Xsara Picasso,Picasso 2.0 HDi (VIN Code CHRHYB),3,,M5,Manual,1997,Diesel,7,4.6,5.5,40.4,61.4,51.4,72,147,,419,339,,0.032,,425,,,,,
DatapartC_july2000.csv,2000,Daewoo Cars,Korando,2.3 P,2,,M5,Manual,2295,Petrol,13.8,8.2,10.2,20.5,34.4,27.7,73.7,271,,540,,,,,768,,,,,
DatapartC_july2000.csv,2000,Daewoo Cars,Korando,2.3 P,2,,A4,Automatic,2295,Petrol,14.8,9.9,11.6,19.1,28.5,24.3,72,309,,630,,,,,876,,,,,
DatapartC_july2000.csv,2000,Daewoo Cars,Korando,2.9 TD,2,,M5,Manual,2874,Diesel,12.8,8,9.8,22.1,35.3,28.8,74.3,258,,800,,,0.13,,758,,,,,
DatapartC_july2000.csv,2000,Daewoo Cars,Lanos,1.4 S (SOHC),2,,M5,Manual,1349,Petrol,11.4,5.9,7.9,24.8,47.9,35.8,72.3,184,,380,,,,,594,,,,,
DatapartC_july2000.csv,2000,Daewoo Cars,Lanos,1.4 SE (SOHC),2,,M5,Manual,1349,Petrol,11.4,5.9,7.9,24.8,47.9,35.8,72.3,184,,380,,,,,594,,,,,
DatapartC_july2000.csv,2000,Daewoo Cars,Lanos,1.6 SX (DOHC),2,,M5,Manual,1598,Petrol,12,6.2,8.2,23.5,45.6,34.4,72.9,192,,400,,,,,618,,,,,
DatapartC_july2000.csv,2000,Daewoo Cars,Lanos,1.6 SX (DOHC),2,,A4,Automatic,1598,Petrol,12.5,6.4,8.9,22.6,44.1,31.7,70,209,,170,,,,,671,,,,,
DatapartC_july2000.csv,2000,Daewoo Cars,Leganza,2.0 CDX (DOHC),2,,M5,Manual,1998,Petrol,13,7.1,9.2,21.7,39.8,30.7,72.4,215,,1010,,,,,693,,,,,
DatapartC_july2000.csv,2000,Daewoo Cars,Leganza,2.0 CDX (DOHC),2,,A4,Automatic,1998,Petrol,15.8,7.5,10.5,17.9,37.7,26.9,71.9,245,,1150,,,,,791,,,,,
DatapartC_july2000.csv,2000,Daewoo Cars,Leganza,2.0 SX (DOHC),2,,M5,Manual,1998,Petrol,13,7.1,9.2,21.7,39.8,30.7,72.4,215,,1010,,,,,693,,,,,
DatapartC_july2000.csv,2000,Daewoo Cars,Leganza,2.0 SX (DOHC),2,,A4,Automatic,1998,Petrol,15.8,7.5,10.5,17.9,37.7,26.9,71.9,245,,1150,,,,,791,,,,,
DatapartC_july2000.csv,2000,Daewoo Cars,Matiz,SE (SOHC),2,,M5,Manual,796,Petrol,8.4,5.2,6.4,33.6,54.3,44.1,73.7,149,,780,,,,,482,,,,,
DatapartC_july2000.csv,2000,Daewoo Cars,Matiz,SE+ (SOHC),2,,M5,Manual,796,Petrol,8.4,5.2,6.4,33.6,54.3,44.1,73.7,149,,780,,,,,482,,,,,
DatapartC_july2000.csv,2000,Daewoo Cars,Musso,2.3 P,2,,M5,Manual,2295,Petrol,16.2,9.7,12.1,17.4,29.1,23.3,74,282,,650,,,,,913,,,,,
DatapartC_july2000.csv,2000,Daewoo Cars,Musso,2.3 P (Benz T/M),2,,A4,Automatic,2295,Petrol,16.6,10.8,12.9,17,26.1,21.9,71.4,303,,778,,,,,971,,,,,
DatapartC_july2000.csv,2000,Daewoo Cars,Musso,2.3 P (BTRA T/M),2,,A4,Automatic,2295,Petrol,17.4,11.3,13.5,16.2,25,20.9,73.4,313,,1418,,,,,1018,,,,,
DatapartC_july2000.csv,2000,Daewoo Cars,Musso,2.9 TD,2,,M5,Manual,2874,Diesel,12,7.6,9.2,23.5,37.2,30.7,75,245,,570,,,0.14,,711,,,,,
DatapartC_july2000.csv,2000,Daewoo Cars,Musso,2.9 TD,2,,A4,Automatic,2874,Diesel,14.2,9.1,11,19.9,31,25.7,74,290,,678,,,0.142,,849,,,,,
DatapartC_july2000.csv,2000,Daewoo Cars,Nubira,1.6 SE (DOHC),2,,M5,Manual,1598,Petrol,10.7,6.1,7.8,26.4,46.3,36.2,72.7,198,,720,,,,,588,,,,,
DatapartC_july2000.csv,2000,Daewoo Cars,Nubira,1.6 SE Estate (DOHC),2,,M5,Manual,1598,Petrol,10.5,6.2,7.8,26.9,45.6,36.2,72.7,198,,700,,,,,588,,,,,
DatapartC_july2000.csv,2000,Daewoo Cars,Nubira,2.0 CDX (DOHC),2,,M5,Manual,1998,Petrol,12.2,6.4,8.6,23.2,44.1,32.8,73.3,214,,980,,,,,649,,,,,
DatapartC_july2000.csv,2000,Daewoo Cars,Nubira,2.0 CDX (DOHC),2,,A4,Automatic,1998,Petrol,13.6,6.8,9.3,20.8,41.5,30.4,71.8,233,,1350,,,,,700,,,,,
DatapartC_july2000.csv,2000,Daewoo Cars,Nubira,2.0 CDX Estate (DOHC),2,,M5,Manual,1998,Petrol,12.3,6.7,8.7,23,42.2,32.5,73.3,215,,1130,,,,,655,,,,,
DatapartC_july2000.csv,2000,Daewoo Cars,Nubira,2.0 CDX  Estate (DOHC),2,,A4,Automatic,1998,Petrol,14.6,7,9.8,19.3,40.4,28.8,71.8,236,,1520,,,,,739,,,,,
DatapartC_july2000.csv,2000,Daihatsu,Charade,"Charade G200 Hatchback, 1.3L EFi",2,,A4,Automatic,1296,Petrol,10.2,5.9,7.5,27.7,47.9,37.7,69,180,,1188,,,,,564,,,,,
DatapartC_july2000.csv,2000,Daihatsu,Charade,"Charade G200 Hatchback, 1.3L EFi",2,,M5,Manual,1296,Petrol,8.9,5.6,6.8,31.7,50.4,41.5,71,164,,1097,,,,,513,,,,,
DatapartC_july2000.csv,2000,Daihatsu,Cuore,Cuore L701 1.0L EFi,2,,M5,Manual,989,Petrol,6.5,4.6,5.3,43.5,61.4,53.3,70.1,127,,461,,,,,399,,,,,
DatapartC_july2000.csv,2000,Daihatsu,Cuore,Cuore L701 1.0L EFi,2,,A3,Automatic,989,Petrol,7.9,5.9,6.6,35.7,47.9,42.8,70.3,157,,696,,,,,497,,,,,
DatapartC_july2000.csv,2000,Daihatsu,Four Wheel Drive,Fourtrak LWB 2.8L Diesel Turbo,2,,M5,Manual,2765,Diesel,11.1,8.3,9.4,25.4,34,30.1,70,248,,621,,,0.102,,725,,,,,
DatapartC_july2000.csv,2000,Daihatsu,Grand Move,Grand Move G303 1.6L EFi,2,,M5,Manual,1590,Petrol,10.2,6.2,7.6,27.7,45.6,37.2,71.6,181,,961,,,,,572,,,,,
DatapartC_july2000.csv,2000,Daihatsu,Grand Move,Grand Move G303 1.6L EFi,2,,A4,Automatic,1590,Petrol,11.2,6.5,8.2,25.2,43.4,34.4,71.2,195,,736,,,,,618,,,,,
DatapartC_july2000.csv,2000,Daihatsu,Sirion,Sirion M100 1.0L EFi,2,,M5,Manual,989,Petrol,6.6,4.8,5.5,42.8,58.8,51.4,70.9,132,,269,,,,,414,,,,,
DatapartC_july2000.csv,2000,Daihatsu,Sirion,Sirion M100 1.0L EFi,2,,A4,Automatic,989,Petrol,7.8,5.5,6.3,36.2,51.4,44.8,68.6,151,,697,,,,,475,,,,,
DatapartC_july2000.csv,2000,Daihatsu,Terios,Terios J100 1.3L EFi,2,,M5,Manual,1296,Petrol,11.1,7.3,8.7,25.4,38.7,32.5,71.8,205,,1237,,,,,655,,,,,
DatapartC_july2000.csv,2000,Daihatsu,Terios,Terios J100 1.3L EFi,2,,A4,Automatic,1296,Petrol,11.6,8.1,9.4,24.3,34.9,30,68.5,222,,986,,,,,709,,,,,
DatapartC_july2000.csv,2000,Ferrari,All Models,360 Modena,2,,M6,Manual,3586,Petrol,28,12,17.9,10.1,23.5,15.8,74.6,415,,720,,,,,1347,,,,,
DatapartC_july2000.csv,2000,Ferrari,All Models,456M GT 2+2,2,,M6,Manual,5474,Petrol,34.4,14.8,22,8.2,19.1,12.8,74.8,495,,1332,,,,,1662,,,,,
DatapartC_july2000.csv,2000,Ferrari,All Models,456M GTA 2+2,2,,A4,Automatic,5474,Petrol,35.2,14.7,22.3,8,19.2,12.7,74,520,,130,,,,,1675,,,,,
DatapartC_july2000.csv,2000,Ferrari,All Models,550 Maranello,2,,M6,Manual,5474,Petrol,35.6,15.5,22.9,7.9,18.2,12.3,73.6,530,,1104,,,,,1730,,,,,
DatapartC_july2000.csv,2000,Fiat,Barchetta,Barchetta,2,,M5,Manual,1747,Petrol,11.6,6.5,8.4,24.4,43.5,33.6,71,198,,1540,,,,,633,,,,,
DatapartC_july2000.csv,2000,Fiat,Brava Range,100 16v,2,,M5,Manual,1581,Petrol,10.8,6.1,7.8,26.2,46.3,36.2,72,186,,306,,,,,588,,,,,
DatapartC_july2000.csv,2000,Fiat,Brava Range,100 16v,2,,A4,Automatic,1581,Petrol,12.8,7.1,9.2,22.1,39.8,30.7,72,218,,1281,,,,,693,,,,,
DatapartC_july2000.csv,2000,Fiat,Brava Range,115 16v,2,,M5,Manual,1747,Petrol,11.5,6.6,8.4,24.6,42.8,33.6,73.5,199,,613,,,,,633,,,,,
DatapartC_july2000.csv,2000,Fiat,Brava Range,80 16v,2,,M5,Manual,1242,Petrol,9.5,5.4,6.9,29.7,52.3,40.9,71.5,164,,629,,,,,520,,,,,
DatapartC_july2000.csv,2000,Fiat,Brava Range,JTD 105,2,,M5,Manual,1910,Diesel,7.3,4.5,5.5,38.7,62.8,51.4,73,146,,692,,,0.063,,425,,,,,
DatapartC_july2000.csv,2000,Fiat,Brava Range,TD 75,2,,M5,Manual,1910,Diesel,8.6,5.2,6.4,32.8,54.3,44.1,72.5,171,,407,,,0.069,,495,,,,,
DatapartC_july2000.csv,2000,Fiat,Bravo Range,100 16v,2,,M5,Manual,1581,Petrol,10.6,6,7.7,26.6,47.1,36.7,72,183,,306,,,,,580,,,,,
DatapartC_july2000.csv,2000,Fiat,Bravo Range,115 16v,2,,M5,Manual,1747,Petrol,11.3,6.5,8.3,25,43.5,34,73.5,197,,613,,,,,626,,,,,
DatapartC_july2000.csv,2000,Fiat,Bravo Range,155 20v,2,,M5,Manual,1998,Petrol,13.1,7.2,9.4,21.6,39.2,30.1,74,222,,664,,,,,707,,,,,
DatapartC_july2000.csv,2000,Fiat,Bravo Range,80 16v,2,,M5,Manual,1242,Petrol,9.4,5.3,6.8,30.1,53.3,41.5,71.5,162,,629,,,,,513,,,,,
DatapartC_july2000.csv,2000,Fiat,Bravo Range,JTD 105,2,,M5,Manual,1910,Diesel,7.2,4.4,5.4,39.2,64.2,52.3,73,143,,692,,,0.063,,417,,,,,
DatapartC_july2000.csv,2000,Fiat,Bravo Range,TD 75,2,,M5,Manual,1910,Diesel,8.5,5.1,6.3,33.2,55.4,44.8,72.5,168,,407,,,0.069,,487,,,,,
DatapartC_july2000.csv,2000,Fiat,Coupé Range,20v,2,,M5,Manual,1998,Petrol,14,7.3,9.8,20.2,38.7,28.8,72.5,232,,845,,,,,739,,,,,
DatapartC_july2000.csv,2000,Fiat,Coupé Range,20v Turbo,2,,M6,Manual,1998,Petrol,14.4,7.6,10.1,19.6,37.2,28,73,240,,1337,,,,,760,,,,,
DatapartC_july2000.csv,2000,Fiat,Marea Saloon Range,100 16v,2,,M5,Manual,1581,Petrol,11.3,6.6,8.3,25,42.8,34,73,197,,1010,,,,,626,,,,,
DatapartC_july2000.csv,2000,Fiat,Marea Saloon Range,100 16v,2,,A4,Automatic,1581,Petrol,12.8,7.1,9.2,22.1,39.8,30.7,71,219,,374,,,,,693,,,,,
DatapartC_july2000.csv,2000,Fiat,Marea Saloon Range,115 16v,2,,M5,Manual,1747,Petrol,11.5,6.6,8.4,24.6,42.8,33.6,72,199,,841,,,,,633,,,,,
DatapartC_july2000.csv,2000,Fiat,Marea Saloon Range,155 20v,2,,M5,Manual,1998,Petrol,14.2,7.3,9.8,19.9,38.7,28.8,73.5,234,,1036,,,,,739,,,,,
DatapartC_july2000.csv,2000,Fiat,Marea Saloon Range,JTD 105,2,,M5,Manual,1910,Diesel,7.4,4.6,5.6,38.2,61.4,50.4,74,149,,753,,,0.059,,433,,,,,
DatapartC_july2000.csv,2000,Fiat,Marea Saloon Range,JTD 130,2,,M5,Manual,2387,Diesel,9,5.3,6.7,31.4,53.3,42.2,75,177,,910,,,0.071,,517,,,,,
DatapartC_july2000.csv,2000,Fiat,Marea Saloon Range,TD 75,2,,M5,Manual,1910,Diesel,8.5,5.1,6.4,33.2,55.4,44.1,71.5,169,,347,,,0.071,,495,,,,,
DatapartC_july2000.csv,2000,Fiat,Marea Weekend Range,100 16v,2,,M5,Manual,1581,Petrol,11.5,6.6,8.4,24.6,42.8,33.6,73,200,,1189,,,,,633,,,,,
DatapartC_july2000.csv,2000,Fiat,Marea Weekend Range,100 16v,2,,A4,Automatic,1581,Petrol,13.1,7.2,9.3,21.6,39.2,30.4,71,222,,374,,,,,700,,,,,
DatapartC_july2000.csv,2000,Fiat,Marea Weekend Range,115 16v,2,,M5,Manual,1747,Petrol,11.8,6.8,8.6,23.9,41.5,32.8,72,205,,657,,,,,649,,,,,
DatapartC_july2000.csv,2000,Fiat,Marea Weekend Range,155 20v,2,,M5,Manual,1998,Petrol,14.3,7.4,9.9,19.8,38.2,28.5,73.5,237,,1036,,,,,747,,,,,
DatapartC_july2000.csv,2000,Fiat,Marea Weekend Range,JTD 105,2,,M5,Manual,1910,Diesel,7.5,4.7,5.7,37.7,60.1,49.6,74,151,,753,,,0.059,,440,,,,,
DatapartC_july2000.csv,2000,Fiat,Marea Weekend Range,JTD 130,2,,M5,Manual,2387,Diesel,9.1,5.4,6.8,31,52.3,41.5,75,180,,910,,,0.071,,526,,,,,
DatapartC_july2000.csv,2000,Fiat,Marea Weekend Range,TD 75,2,,M5,Manual,1910,Diesel,8.7,5.3,6.5,32.5,53.3,43.5,71.5,173,,347,,,0.071,,502,,,,,
DatapartC_july2000.csv,2000,Fiat,Multipla,100 16v,2,,M5,Manual,1581,Petrol,11.1,7.2,8.6,25.4,39.2,32.8,73.5,205,,494,,,,,649,,,,,
DatapartC_july2000.csv,2000,Fiat,Multipla,JTD 105,2,,M5,Manual,1910,Diesel,8,5.5,6.4,35.3,51.4,44.1,75,170,,496,,,0.06,,495,,,,,
DatapartC_july2000.csv,2000,Fiat,New Punto Range,1.2,2,,M5,Manual,1242,Petrol,7.3,4.8,5.7,38.7,58.9,49.6,71.5,136,,152,,,,,429,,,,,
DatapartC_july2000.csv,2000,Fiat,New Punto Range,1.2 16v,2,,M5,Manual,1242,Petrol,7.6,5,6,37.2,56.5,47.1,72.5,142,,316,,,,,452,,,,,
DatapartC_july2000.csv,2000,Fiat,New Punto Range,1.2 16v Speedgear,2,,CVT,Automatic,1242,Petrol,8.4,5.5,6.5,33.6,51.4,43.5,70,155,,647,,,,,489,,,,,
DatapartC_july2000.csv,2000,Fiat,New Punto Range,D,2,,M5,Manual,1910,Diesel,7.2,4.8,5.7,39.2,58.9,49.6,72.5,150,,175,,,0.028,,440,,,,,
DatapartC_july2000.csv,2000,Fiat,New Punto Range,HGT,2,,M5,Manual,1747,Petrol,11.5,6.4,8.3,24.6,44.1,34,72,197,,892,,,,,626,,,,,
DatapartC_july2000.csv,2000,Fiat,New Punto Range,JTD,2,,M5,Manual,1910,Diesel,6.6,4,4.9,42.8,70.6,57.6,72,130,,347,,,0.071,,379,,,,,
